ticker,as_of,current_revenue_ttm,current_market_cap,current_ps,hist_median_ps,hist_p75_ps,hist_p90_ps,forward_revenue_estimate,forward_revenue_growth,forward_ps,required_revenue,required_growth,growth_gap,years_to_normalise,expectations_burden_score,expectations_classification,target_multiple_value,target_multiple_label,valuation_anchor_confidence,valuation_anchor_observation_count,revenue_data_cadence
CGPOWER.NS,2026-07-23T12:31:48.946812+00:00,122479300000.0,1391997222912.0,11.365163116640934,8.850769016872437,8.90362612847831,8.935340395441834,200073753640.0,0.6335311651846476,6.957420439148012,157274155529.1299,0.2840876419862779,-0.3494435231983697,0.5095292949423019,0.0,Forward Expectations Manageable,8.850769016872437,Historical Median Tactical Anchor,low,2,quarterly
RELIANCE.NS,2026-07-23T12:31:52.184212+00:00,11120640000000.0,17216010452992.0,1.5481132788213627,1.6482813571034742,1.679016965680102,1.6974583308260787,12297652258050.0,0.10584033455358677,1.399942858338872,10444825077222.074,-0.06077122564689852,-0.1666115602004853,0.0,100.0,Forward Expectations Stretched,1.6482813571034742,Historical Median Tactical Anchor,low,2,quarterly
TCS.NS,2026-07-23T12:31:55.332971+00:00,2734970000000.0,8115007782912.0,2.967128627704143,3.0144701339372784,3.1445123842946026,3.222537734508997,3034868192960.0,0.10965319289059838,2.6739242915842034,2692017974088.46,-0.015704752122158605,-0.125357945012757,0.0,100.0,Forward Expectations Stretched,3.0144701339372784,Historical Median Tactical Anchor,low,2,quarterly
INFY.NS,2026-07-23T12:31:58.553801+00:00,20156000000.0,4240847405056.0,210.40124057630482,288.2805628834278,304.5361306841263,314.28947136454536,2039673683480.0,100.19436810279818,2.079179350797161,14710833649.824924,-0.27015113862745954,-100.46451924142563,0.0,100.0,Forward Expectations Stretched,288.2805628834278,Historical Median Tactical Anchor,low,2,quarterly
ICICIBANK.NS,2026-07-23T12:32:04.157151+00:00,1440055500000.0,10290783584256.0,7.146102066382858,6.60236907649775,6.816452969876764,6.944903305904173,1570120014810.0,0.09031909868057175,6.55413821057576,1558650154970.5522,0.08235422521600877,-0.007964873464562983,0.9152091675062107,0.0,Forward Expectations Manageable,6.60236907649775,Historical Median Tactical Anchor,low,2,quarterly
LT.NS,2026-07-23T12:32:07.345879+00:00,2922830600000.0,5217315192832.0,1.7850214079570674,1.873239423629498,1.9677701510075412,2.024488587434367,3741358668490.0,0.2800463593374176,1.3944974687331144,2785183317743.325,-0.047093828241935975,-0.3271401875793536,0.0,100.0,Forward Expectations Stretched,1.873239423629498,Historical Median Tactical Anchor,low,2,quarterly
BAJFINANCE.NS,2026-07-23T12:32:10.496782+00:00,502055300000.0,6465348173824.0,12.87776102318609,11.380410463150415,11.981694522834367,12.34246495864474,777620286460.0,0.5488737723912087,8.314274056887752,568112037325.7794,0.13157263218967996,-0.41730114020152875,0.2825153036593676,0.0,Forward Expectations Manageable,11.380410463150415,Historical Median Tactical Anchor,low,2,quarterly
MARUTI.NS,2026-07-23T12:32:13.612092+00:00,1760492000000.0,4213937537024.0,2.3936135676981207,2.7999170256276438,3.0720036389400764,3.235255606927536,2335349365940.0,0.3265322227763603,1.8044141910766531,1505022291179.9973,-0.14511267805818073,-0.471644900834541,0.0,100.0,Forward Expectations Stretched,2.7999170256276438,Historical Median Tactical Anchor,low,2,quarterly
TITAN.NS,2026-07-23T12:32:16.738987+00:00,742330000000.0,4166717538304.0,5.613025929578489,4.973852690051656,5.020816029338286,5.048994032910265,1118278303380.0,0.5064436347446553,3.726011249355444,837724355334.8434,0.1285066686444618,-0.37793696610019345,0.29504511421298835,0.0,Forward Expectations Manageable,4.973852690051656,Historical Median Tactical Anchor,low,2,quarterly
SUNPHARMA.NS,2026-07-23T12:32:19.925400+00:00,566304700000.0,4688300212224.0,8.278759141896579,7.281157499612606,7.343369527390914,7.380696744057898,729353375660.0,0.28791686818068074,6.428022915478392,643894904412.3054,0.13701140819121838,-0.15090545998946236,0.5074704044739102,0.0,Forward Expectations Manageable,7.281157499612606,Historical Median Tactical Anchor,low,2,quarterly
ASIANPAINT.NS,2026-07-23T12:32:23.129755+00:00,355163700000.0,2558430019584.0,7.203523388184096,6.767076954636132,7.248552568792217,7.537437937285867,439935272850.0,0.23868309979313773,5.815469178022287,378070182552.18994,0.06449556233418541,-0.17418753745895232,0.2919943342843695,0.0,Forward Expectations Manageable,6.767076954636132,Historical Median Tactical Anchor,low,2,quarterly
ULTRACEMCO.NS,2026-07-23T12:32:26.258228+00:00,935528000000.0,3502972076032.0,3.7443797257078355,3.541566550748886,3.6138871862702153,3.657279567583013,1120608920140.0,0.1978357891372573,3.1259541246507,989102428497.7152,0.057266515270216534,-0.14056927386704077,0.3084861664350264,0.0,Forward Expectations Manageable,3.541566550748886,Historical Median Tactical Anchor,low,2,quarterly
AXISBANK.NS,2026-07-23T12:32:29.429530+00:00,893367000000.0,3804854747136.0,4.2590052544318295,4.446708255127138,4.558434156956882,4.6254696980547285,1080580291560.0,0.20955921985029669,3.5211217314014216,855656483140.9686,-0.042211674327607085,-0.25177089417790377,0.0,100.0,Forward Expectations Stretched,4.446708255127138,Historical Median Tactical Anchor,low,2,quarterly
KOTAKBANK.NS,2026-07-23T12:32:32.599477+00:00,827571800000.0,3812977541120.0,4.607428069830315,4.588984145529249,4.674623202405557,4.726006636531341,978201671510.0,0.18201426330621695,3.8979462540010807,830897954797.8473,0.004019173681180543,-0.1779950896250364,0.02398707519957666,0.0,Forward Expectations Manageable,4.588984145529249,Historical Median Tactical Anchor,low,2,quarterly
NESTLEIND.NS,2026-07-23T12:32:35.842230+00:00,225283900000.0,2792006352896.0,12.393279559240584,12.212941223813175,12.32415071490747,12.390876409564047,298094913610.0,0.3231967025162472,9.366165692276134,228610479795.9773,0.014766167471254255,-0.30843053504499296,0.052341296627181094,0.0,Forward Expectations Manageable,12.212941223813175,Historical Median Tactical Anchor,low,2,quarterly
HINDUNILVR.NS,2026-07-23T12:32:39.064627+00:00,637500000000.0,5079346708480.0,7.9676026799686275,8.175921179473551,8.496235201605712,8.688423614885007,761590969350.0,0.19465250094117637,6.66938936108329,621256809719.7654,-0.02547951416507388,-0.22013201510625025,0.0,100.0,Forward Expectations Stretched,8.175921179473551,Historical Median Tactical Anchor,low,2,quarterly
ADANIENT.NS,2026-07-23T12:32:42.244833+00:00,1061859600000.0,4283150106624.0,4.033631288565833,2.763650176843823,2.9774910969505495,3.1057956490145857,1510378961750.0,0.4223904570340562,2.8358115513349906,1549816305446.9849,0.45953034228535006,0.03713988525129386,1.0731563435431362,8.082139922815257,Forward Expectations Manageable,2.763650176843823,Historical Median Tactical Anchor,low,2,quarterly
TATASTEEL.NS,2026-07-23T12:32:46.733728+00:00,2302934700000.0,2297688489984.0,0.9977219458215641,1.0232091480464822,1.0266777655503676,1.0287589360526987,2714186165480.0,0.1785771283397657,0.846547859983531,2245570706996.475,-0.024909083615581862,-0.20348621195534755,0.0,100.0,Forward Expectations Stretched,1.0232091480464822,Historical Median Tactical Anchor,low,2,quarterly
JSWSTEEL.NS,2026-07-23T12:32:49.939800+00:00,1841390000000.0,3043223142400.0,1.6526771310803252,1.5723776698243443,1.5968689637793665,1.61156374015238,2193220728840.0,0.19106801320741407,1.387558991387779,1935427601652.451,0.05106881304473854,-0.13999920016267553,0.2848581709582813,0.0,Forward Expectations Manageable,1.5723776698243443,Historical Median Tactical Anchor,low,2,quarterly
POWERGRID.NS,2026-07-23T12:32:53.159012+00:00,475322700000.0,2695314800640.0,5.6704945937570415,5.489026327101072,5.581228295030488,5.636549475788138,571904769430.0,0.2031926298281146,4.712873444518285,491036959930.82996,0.0330601924352234,-0.1701324373928912,0.1758336747988645,0.0,Forward Expectations Manageable,5.489026327101072,Historical Median Tactical Anchor,low,2,quarterly
NTPC.NS,2026-07-23T12:32:56.344852+00:00,1924325100000.0,3380258013184.0,1.7565940459769505,1.8044128251756608,1.8083438204274276,1.8107024175784876,2266369951530.0,0.1777479551298271,1.4914855409647605,1873328523285.6453,-0.026501019351852118,-0.20424897448167922,0.0,100.0,Forward Expectations Stretched,1.8044128251756608,Historical Median Tactical Anchor,low,2,quarterly
ONGC.NS,2026-07-23T12:32:59.544775+00:00,6622473200000.0,3174884966400.0,0.47941076853281944,0.4957695322496729,0.5206723057958963,0.5356139699236303,7586513725900.0,0.14557107243559697,0.4184906376114621,6403953369206.05,-0.03299671047275066,-0.17856778290834763,0.0,100.0,Forward Expectations Stretched,0.4957695322496729,Historical Median Tactical Anchor,low,2,quarterly
COALINDIA.NS,2026-07-23T12:33:02.660216+00:00,1531501900000.0,2631793115136.0,1.7184393405819478,1.8391700663946353,1.8546680686350345,1.863966869979274,1847839591030.0,0.2065539004750827,1.4242541007950902,1430967784450.2769,-0.0656441337419974,-0.2721980342170801,0.0,100.0,Forward Expectations Stretched,1.8391700663946353,Historical Median Tactical Anchor,low,2,quarterly
BHARTIARTL.NS,2026-07-23T12:33:05.768405+00:00,2067036000000.0,12046848491520.0,5.828078703767133,6.0421569459625015,6.362910334198142,6.555362367139527,2655045694400.0,0.2844699823321897,4.537341303364048,1993799333459.8767,-0.03543076489239827,-0.31990074722458794,0.0,100.0,Forward Expectations Stretched,6.0421569459625015,Historical Median Tactical Anchor,low,2,quarterly
WIPRO.NS,2026-07-23T12:33:08.961054+00:00,949680000000.0,1729360297984.0,1.8209926480330216,1.95787695878521,2.0197568373217267,2.0568847644436365,1016535107100.0,0.07039750979277226,1.7012302732146338,883283441395.1139,-0.06991466452371964,-0.1403121743164919,0.0,100.0,Forward Expectations Stretched,1.95787695878521,Historical Median Tactical Anchor,low,2,quarterly
HCLTECH.NS,2026-07-23T12:33:12.148127+00:00,1327810000000.0,3367867514880.0,2.536407705078287,2.583263672128645,2.7261157227237214,2.811826953080767,1508629623350.0,0.13617883835036637,2.2324018186792953,1303725806705.9143,-0.01813828280709262,-0.154317121157459,0.0,100.0,Forward Expectations Stretched,2.583263672128645,Historical Median Tactical Anchor,low,2,quarterly
TECHM.NS,2026-07-23T12:33:15.312584+00:00,585324000000.0,1378204123136.0,2.3546003976190963,2.17426012374114,2.19434364142377,2.2063937520333483,669974732680.0,0.14462200880196274,2.0570986574717165,633872694479.9014,0.0829432835146029,-0.06167872528735985,0.5899160902425852,0.0,Forward Expectations Manageable,2.17426012374114,Historical Median Tactical Anchor,low,2,quarterly
DIVISLAB.NS,2026-07-23T12:33:18.565704+00:00,104300000000.0,1939247988736.0,18.592981675321187,15.9694812448742,16.501121489698644,16.82010563659331,144974170980.0,0.38997287612655795,13.376506833093256,121434626397.67648,0.1642821322883652,-0.22569074383819276,0.4619252494173818,0.0,Forward Expectations Manageable,15.9694812448742,Historical Median Tactical Anchor,low,2,quarterly
DRREDDY.NS,2026-07-23T12:33:21.808857+00:00,335933000000.0,971208523776.0,2.8910780535880667,2.99469535576076,2.9965896894696655,2.997726289695009,395025002590.0,0.17590413144883055,2.4586001326706555,324309623650.94336,-0.03460028145212479,-0.21050441290095534,0.0,100.0,Forward Expectations Stretched,2.99469535576076,Historical Median Tactical Anchor,low,2,quarterly
CIPLA.NS,2026-07-23T12:33:24.985888+00:00,268619900000.0,1125328486400.0,4.189296795955921,3.999262548371913,4.222551464772041,4.356524814612117,347124068900.0,0.2922500116335387,3.2418624555941875,281383998371.92926,0.047517322327680356,-0.24473268930585834,0.18106725698228987,0.0,Forward Expectations Manageable,3.999262548371913,Historical Median Tactical Anchor,low,2,quarterly
BRITANNIA.NS,2026-07-23T12:33:28.724378+00:00,184816100000.0,1297798397952.0,7.022106829177761,7.521257061280306,7.735643498206761,7.864275360362635,232149735080.0,0.25611207616652454,5.59035054468088,172550730200.8213,-0.06636526687436162,-0.32247734304088616,0.0,100.0,Forward Expectations Stretched,7.521257061280306,Historical Median Tactical Anchor,low,2,quarterly
DABUR.NS,2026-07-23T12:33:31.918502+00:00,128313900000.0,750536949760.0,5.8492256081375436,6.31725758835411,6.6289848877968645,6.816021267462517,156356767750.0,0.21854894715225703,4.800156466268471,118807400088.23099,-0.07408784170513882,-0.29263678885739586,0.0,100.0,Forward Expectations Stretched,6.31725758835411,Historical Median Tactical Anchor,low,2,quarterly
GODREJCP.NS,2026-07-23T12:33:35.108950+00:00,151003400000.0,1083270627328.0,7.173816134789018,7.569077422637475,7.999556971483043,8.257844700790383,187218998990.0,0.23983300369395666,5.7861148343489495,143117921358.31134,-0.05222053703220364,-0.2920535407261603,0.0,100.0,Forward Expectations Stretched,7.569077422637475,Historical Median Tactical Anchor,low,2,quarterly
PIDILITIND.NS,2026-07-23T12:33:38.260203+00:00,141875300000.0,1592027643904.0,11.221316493455873,9.977625380331453,10.43079769869675,10.70270108971593,187433641690.0,0.321115385764823,8.4938201570937,159559773314.63144,0.124648006486199,-0.196467379278624,0.421831496840416,0.0,Forward Expectations Manageable,9.977625380331453,Historical Median Tactical Anchor,low,2,quarterly
HAVELLS.NS,2026-07-23T12:33:41.414119+00:00,242666300000.0,759286857728.0,3.128934086554252,3.0446494599417875,3.049551732352087,3.0524930957982668,296732723790.0,0.222801533587482,2.5588241432561145,249383998952.22003,0.027682867181063164,-0.19511866640641884,0.13575621321006243,0.0,Forward Expectations Manageable,3.0446494599417875,Historical Median Tactical Anchor,low,2,quarterly
SIEMENS.NS,2026-07-23T12:33:44.509959+00:00,179662000000.0,1312767082496.0,7.306871138560186,6.162259098840366,6.243771714211076,6.292679283433501,240260735780.0,0.33729300453072986,5.4639268386244515,213033412169.09247,0.18574552308831294,-0.15154748144241692,0.586180009216799,0.0,Forward Expectations Manageable,6.162259098840366,Historical Median Tactical Anchor,low,2,quarterly
ABB.NS,2026-07-23T12:33:47.644081+00:00,127929100000.0,1595246247936.0,12.469768394649849,9.275377372496202,9.703931243462252,9.961063566041881,162045248150.0,0.26668012320887113,9.844449412421724,171987206975.1363,0.34439472313286257,0.07771459992399143,1.2518808837656532,22.565560591940383,Forward Expectations Manageable,9.275377372496202,Historical Median Tactical Anchor,low,2,quarterly
BEL.NS,2026-07-23T12:33:50.855554+00:00,309676100000.0,2963018874880.0,9.568122547655438,10.655826583887517,11.007891240883744,11.21913003508148,375077347920.0,0.2111924295094132,7.899754254186473,278065605849.8857,-0.10207598891265524,-0.31326841842206843,0.0,100.0,Forward Expectations Stretched,10.655826583887517,Historical Median Tactical Anchor,low,2,quarterly
HAL.NS,2026-07-23T12:33:53.967841+00:00,330888200000.0,3071349096448.0,9.282135465840124,8.295765881970828,8.717657045370943,8.970791743411013,443002417910.0,0.3388280933257819,6.9330300970771965,370230927456.9762,0.11890036410176075,-0.21992772922402115,0.38501862856268576,0.0,Forward Expectations Manageable,8.295765881970828,Historical Median Tactical Anchor,low,2,quarterly
BOSCHLTD.NS,2026-07-23T12:33:57.178879+00:00,200347000000.0,1245915250688.0,6.218786658587351,5.346410973748986,5.654077736559729,5.838677794246175,284911666670.0,0.4220910054555347,4.372987828999947,233037687675.98965,0.1631703378437892,-0.2589206676117455,0.4292450086253307,0.0,Forward Expectations Manageable,5.346410973748986,Historical Median Tactical Anchor,low,2,quarterly
EICHERMOT.NS,2026-07-23T12:34:00.399125+00:00,229775700000.0,2119532675072.0,9.22435520845764,8.604700495632908,8.93519617890011,9.13349358886043,311433429870.0,0.35538018106353286,6.805732692077229,246322655407.67093,0.07201351321167082,-0.28336666785186204,0.22868394098266046,0.0,Forward Expectations Manageable,8.604700495632908,Historical Median Tactical Anchor,low,2,quarterly
HEROMOTOCO.NS,2026-07-23T12:34:03.557682+00:00,474112400000.0,1035240865792.0,2.183534676148525,2.3803627674957415,2.513025133826013,2.592622553624176,562909922120.0,0.18729213182359294,1.8390879696935054,434908863442.3249,-0.0826882750961061,-0.26998040691969905,0.0,100.0,Forward Expectations Stretched,2.3803627674957415,Historical Median Tactical Anchor,low,2,quarterly
BAJAJ-AUTO.NS,2026-07-23T12:34:06.611163+00:00,686100700000.0,3151162769408.0,4.592857534481454,3.9887378786821723,3.9915525583704845,3.993241366183472,776591018760.0,0.13189072502039423,4.057686341054434,790015003555.2358,0.15145634387960238,0.019565618859208156,1.1383336979621232,12.918322440664165,Forward Expectations Manageable,3.9887378786821723,Historical Median Tactical Anchor,low,2,quarterly
INDUSINDBK.NS,2026-07-23T12:34:09.746786+00:00,229078900000.0,783417933824.0,3.419860728438979,2.7562750416319233,2.8123143970877846,2.845938010361301,311867980300.0,0.36139985088107207,2.5120178514972733,284230681623.1799,0.24075452441573564,-0.12064532646533643,0.6992228904909212,0.0,Forward Expectations Manageable,2.7562750416319233,Historical Median Tactical Anchor,low,2,quarterly
SBIN.NS,2026-07-23T12:34:12.987757+00:00,3980520000000.0,9346923626496.0,2.348166477368786,2.336707598986687,2.345160473745774,2.350232198601226,3025183612340.0,-0.2400029110920181,3.089704568135648,4000039898252.264,0.00490385634345869,0.2449067674354768,,100.0,Forward Expectations Stretched,2.336707598986687,Historical Median Tactical Anchor,low,2,quarterly
PNB.NS,2026-07-23T12:34:16.137239+00:00,619384300000.0,1265947639808.0,2.0438807373838825,1.9149773617092114,1.9348960479342687,1.9468472596693032,697276180640.0,0.12575695031339995,1.8155612868433866,661077078570.8295,0.06731326346313504,-0.05844368685026491,0.5499486070304072,0.0,Forward Expectations Manageable,1.9149773617092114,Historical Median Tactical Anchor,low,2,quarterly
BANKBARODA.NS,2026-07-23T12:34:19.310095+00:00,763452800000.0,1257416687616.0,1.6470130014795938,1.8472833301699856,1.9521901095518277,2.015134177180933,769823528140.0,0.008344626072495975,1.6333830308539574,680684260546.1575,-0.10841343361874178,-0.11675805969123776,0.0,100.0,Forward Expectations Stretched,1.8472833301699856,Historical Median Tactical Anchor,low,2,quarterly
IRCTC.NS,2026-07-23T12:34:22.393159+00:00,52148631000.0,395239981056.0,7.579105596386605,9.274708771825022,9.986360963998498,10.413352279302583,64609000000.0,0.2389395226885247,6.117413689362163,42614813120.242805,-0.18282009895441353,-0.42175962164293823,0.0,100.0,Forward Expectations Stretched,9.274708771825022,Historical Median Tactical Anchor,low,2,quarterly
